Banana	Dom & Taein	2395605
Bingsu	Isaiah & Max	2403898
Boba	Hunter & Soomin	2404168
Bread	Jinseok & Lucas	2410942
Brown Sugar	Chanwoo & Taehwan	2416108
Champagne	Jude & Toby	2539750
Cheese	Minseo & Tommy	2541733
Cherry	Jaehwa & Ubin	2543553
Chocolate	Jake & River	2543829
Cinnamon	Hyunwoo & Jeremy	2981429
Citron	Ben & Vince	3391402
Clementine	Siwoo & Yuseop	3391420
Cocktail	Cal & Dae	3391422
Coconut	Dustin & Noah	3391424
Cream	Haoyu & Malachi	3391425
Delight	Eric & X	3391429
Espresso	Jaeho & Leo	3391432
Fiery	Asher & Hiroshi	3391442
Fudge	Ren & Tsubasa	3391445
Gateau	Mew & Tawin	3391447
Gin	August & Linyu	3391449
Ginger	Aaron & Bandy	3391456
Honey	Kota & Yuki	3391459
Jelly	Bing & Liang	3391464
Lavender	Jinwoo & Yohan	3391466
Lemon	Adrian & Shane	3391467
Macadamia	Journey & Kai	3391471
Mango	Alastair & Jiyong	3391473
Marmalade	Gabriel & Lucian	3391475
Mocha & Latte	Elias, Taeyang & Yujun	3391477
Mocha	Elias & Taeyang	3391477
Latte	Taeyang & Yujun	3391477
Nuts	Minharu & Taesung	3391479
Oats	Chen & Song	3391480
Passionfruit	Adriel & Lewis	3391483
Plum	Jason & Mike	3391485
Popcorn	Caleb & Peter	3391486
Praline	Dongmin & Yonggi	3391490
Pumpkin	Dexter & Happy	3391494
Raspberry	Jian & Kijoon	3391497
Sake	Jett & Miles	3391501
Sesame	Stella & Valerie	3391506
Sour	Lyle & Will	3391508
Spiced	Hajun & Joonki	3391517
Sultana	Jaehyun & Kia	3391519
Tangerine	Arthur & Nate	3391520
Toffee	Beau & Joe	3391521
Tropical	Davis & Theo	3391524
Wine	Casper & Micah	3391525
Yuzu	Cole & Jules	3391527
Milk	Freddie & Oliver	3391529
Cereal	Hoseong & Sam	3391575
Cashew	Cookie & Yiyun	3391633
Potato	Phoenix & Minwoo	3391804
